INPUT:task-id	INPUT:comment	INPUT:label
20	–ü—Ä–µ–¥–ª–∞–≥–∞—é  –ø–æ–≤–µ—Ä–∫—É –ø—Ä–∏–±–æ—Ä–æ–≤ —É—á–µ—Ç–∞ –≤–æ–¥—ã –Ω–∞ –¥–æ–º—É –±–µ–∑ —Å–Ω—è—Ç–∏—è. –ê–∫–∫—Ä–µ–¥–∏—Ç–∞—Ü–∏—è –û—Ñ–∏—Ü–∏–∞–ª—å–Ω–æ 89267248817  +7 (499) 372-04-03  +7 (499) 347-58-52  +7 (499) 340-14-38	ad
23	–û–∫–æ–Ω–Ω—ã–π –∑–∞–≤–æ–¥ –≤–µ–∫–∞ –æ—Ñ–∏—Å –≤ –≥. –ê—Ä–º–∞–≤–∏—Ä —É–ª. –ú–∏—Ä–∞ 44. –ê–≤—Ç–æ–º–∞—Ç–∏—á–µ—Å–∫–∏–µ —Ä–∞–∑–¥–≤–∏–∂–Ω—ã–µ –¥–≤–µ—Ä–∏, –æ–∫–Ω–∞, –±–∞–ª–∫–æ–Ω—ã, —Ç–µ—Ä–∞—Å—Å—ã. 89094445557 Veka.me	ad
34	–ì–µ–Ω–µ—Ä–∞–ª—å–Ω–∞—è —É–±–æ—Ä–∫–∞ –∫–≤–∞—Ä—Ç–∏—Ä—ã. –ö–ª–∏–Ω–∏–Ω–≥–æ–≤–∞—è –∫–æ–º–ø–∞–Ω–∏—è –ú–æ—Å–∫–ª–∏–Ω–∏–Ω–≥.–ü–†–û  –õ—É—á—à–∞—è —É–±–æ—Ä–∫–∞ –≤ –ú–æ—Å–∫–≤–µ.   –ü–∏—à–∏—Ç–µ, –∑–≤–æ–Ω–∏—Ç–µ:  84951757320  89779483307	ad
49	–ó–∞–∫–∞–∑–∞—Ç—å —É–±–æ—Ä–∫—É –ø–æ—Å–ª–µ —Ä–µ–º–æ–Ω—Ç–∞ —É –Ω–∞—Å. –ú–æ—Å–∫–ª–∏–Ω–∏–Ω–≥.–ü—Ä–æ –ø—Ä–µ–¥–ª–∞–≥–∞–µ—Ç —É–±–æ—Ä–∫—É –ø–æ—Å–ª–µ —Ä–µ–º–æ–Ω—Ç–∞ –æ—Ç –ø—Ä–æ—Ñ–µ—Å—Å–∏–æ–Ω–∞–ª–æ–≤.  –ü–∏—à–∏—Ç–µ, –∑–≤–æ–Ω–∏—Ç–µ:  84951757320  89779483307  moscleaning.pro	ad
54	–ü—Ä–æ—Ñ–µ—Å—Å–∏–æ–Ω–∞–ª—å–Ω–æ–µ –≤—Å–∫—Ä—ã—Ç–∏–µ –∑–∞–º–∫–æ–≤ —Å–ª—É–∂–±–∞ –°–ü–ê–°–ê–¢–ï–õ–¨. –ü–æ—Ç–µ—Ä—è–ª–∏ –∫–ª—é—á–∏ –∏–ª–∏ —Å–ª–æ–º–∞–ª—Å—è –∑–∞–º–æ–∫, –Ω–µ –º–æ–∂–µ—Ç–µ –ø–æ–ø–∞—Å—Ç—å –≤ –∫–≤–∞—Ä—Ç–∏—Ä—É –∑–≤–æ–Ω–∏—Ç–µ 89139120829 –æ—Ç–∫—Ä–æ–µ–º –¥–≤–µ—Ä—å –±–µ–∑ –ø–æ–≤—Ä–µ–∂–¥–µ–Ω–∏—è.	ad
58	–ó–∞–∫–∞–∂–∏—Ç–µ —Ä–µ–∫–ª–∞–º—É. –°–æ–∑–¥–∞–º –∫–æ–Ω—Ç–µ–∫—Å—Ç–Ω—É—é —Ä–µ–∫–ª–∞–º—É –≤ –†–°–Ø –∏ –ü–æ–∏—Å–∫. –ü—Ä–µ–¥–ø—Ä–∏–Ω–∏–º–∞—Ç–µ–ª–∏, –¥–ª—è –≤–∞—Å –≤–æ–∑–º–æ–∂–Ω–æ—Å—Ç—å —É–≤–µ–ª–∏—á–∏—Ç—å –ø–æ—Ç–æ–∫ –∫–ª–∏–µ–Ω—Ç–æ–≤. –ó–≤–æ–Ω–∏—Ç–µ 89517295955	ad
66	–ö–æ–Ω—Å—É–ª—å—Ç–∞—Ü–∏–∏: –†–í–ü, –í–ù–ñ, –≥—Ä–∞–∂–¥–∞–Ω—Å—Ç–≤–æ –†–§. –û–ø—ã—Ç–Ω—ã–π —é—Ä–∏—Å—Ç. –ö–æ–Ω—Å—É–ª—å—Ç–∞—Ü–∏–∏ –ø–æ –æ—Ñ–æ—Ä–º–ª–µ–Ω–∏—é –≤—Ä–µ–º–µ–Ω–Ω–æ–π –∏ –ø–æ—Å—Ç–æ—è–Ω–Ω–æ–π —Ä–µ–≥–∏—Å—Ç—Ä–∞—Ü–∏–∏ –≤ –≥.–ú–æ—Å–∫–≤–∞ –∏ –ú–û. –ü–æ–º–æ—â—å –≤ –æ—Ñ–æ—Ä–º–ª–µ–Ω–∏–∏ –†–í–ü. –í–∞—Ç—Å–∞–ø 89152934753	ad
72	–µ—Å—Ç—å –¢—Ä–∏ —Å–≤–æ–±–æ–¥–Ω—ã—Ö –Ω–æ–º–µ—Ä–∞ –ª—é–∫—Å —Å –ø–∏—Ç–∞–Ω–∏–µ–º. –≤ –æ—Ç–µ–ª–µ –≤–æ–∑–ª–µ –º–æ—Ä—è –≤ —Å.–ú–æ—Ä—Å–∫–æ–µ –≥.–°—É–¥–∞–∫ –ö—Ä—ã–º –µ—Å—Ç—å —Å–≤–æ–±–æ–¥–Ω—ã–µ –Ω–æ–º–µ—Ä–∞ –ª—é–∫—Å —Å –ø–∏—Ç–∞–Ω–∏–µ–º, –ø–∞—Ä–∫–æ–≤–∫–∞, –∑–∞–∫—Ä—ã—Ç–∞—è —Ç–µ—Ä—Ä–∏—Ç–æ—Ä–∏—è –ø–æ–¥ –≤–∏–¥–µ–æ–Ω–∞–±–ª—é–¥–µ–Ω–∏–µ–º. +79787403686	ad
77	–ö—É–ø–∏–º –∫–Ω–∏–≥–∏ 8‚ÇΩ/–∫–≥. –ù–∞ –ø–æ—Å—Ç–æ—è–Ω–Ω–æ–π –æ—Å–Ω–æ–≤–µ –∑–∞–∫—É–ø–∞–µ–º üìö–∫–Ω–∏–≥–∏, üì∞–∂—É—Ä–Ω–∞–ª—ã –ø–æ –≤—ã—Å–æ–∫–∏–º —Ü–µ–Ω–∞–ºüí∞ –í–æ–∑–º–æ–∂–µ–Ω —Å–∞–º–æ–≤—ã–≤–æ–∑ (–æ—Ç 100 —à—Ç/50–∫–≥). –†–∞—Å—á–µ—Ç —Å—Ä–∞–∑—É‚òùÔ∏è –¢–µ–ª.: 89041865924 (–í–∞–π–±–µ—Ä, –í–æ—Ç—Å–∞–ø)	ad
78	–ö–æ–ø–∏—Ä–æ–≤–∞–ª—å–Ω—ã–µ —Ä–∞–±–æ—Ç—ã –≤ –≤–∞—à–µ–º —Ä–∞–π–æ–Ω–µ!. –ü—Ä–µ–¥–æ—Å—Ç–∞–≤–ª—è–µ–º —É—Å–ª—É–≥–∏:  ‚úÖ –ü–µ—á–∞—Ç–∏ –¥–æ–∫—É–º–µ–Ω—Ç–æ–≤  ‚úÖ –ü–µ—á–∞—Ç–∏ —Ñ–æ—Ç–æ–≥—Ä–∞—Ñ–∏–π  ‚úÖ –°–∫–∞–Ω–∏—Ä–æ–≤–∞–Ω–∏—è  ‚úÖ –ö–æ–ø–∏—Ä–æ–≤–∞–Ω–∏—è  ‚úÖ –õ–∞–º–∏–Ω–∏—Ä–æ–≤–∞–Ω–∏—è  –ñ–¥–µ–º –≤–∞—Å —Å 9:00 –¥–æ 19:00!  —Ç–µ–ª. 89212445863	ad
95	–ü—Ä–∏–≤–æ–∑ –¥–æ 5 —Ç–æ–Ω–Ω.. –ü–µ—Å–æ–∫ —Ä–µ—á–Ω–æ–π –∏ –∫–∞—Ä—å–µ—Ä–Ω—ã–π, —â–µ–±–µ–Ω—å –≤—Å–µ —Ñ—Ä–∞–∫—Ü–∏–∏, –æ—Ç—Å–µ–≤ —â–µ–±–Ω—è, –∫–µ—Ä–∞–º–∑–∏—Ç –¥–æ 6 –∫—É–±–æ–≤ –∏ –¥—Ä. –ü–µ—Å–æ–∫ –∏ —â–µ–±–µ–Ω—å –æ–¥–Ω–æ–π –º–∞—à–∏–Ω–æ–π –æ—Ç 1 –¥–æ 3 —Ç–æ–Ω–Ω. –¢–µ–ª. 89085060423 –ê–ª–µ–∫—Å–µ–π. –í–æ–∂—É —Å–∞–º –Ω–µ –¥–∏—Å–ø–µ—Ç—á–µ—Ä.	ad
100	–°–¥–µ–ª–∫–∞ —Ä—è–¥–æ–º. –í—ã–∫—É–ø —á–∞—Å–æ–≤ –≤ –ú–æ—Å–∫–≤–µ –ø–æ —Ö–æ—Ä–æ—à–∏–º —Ü–µ–Ω–∞–º. –ú–∞–∫—Å–∏–º–∞–ª—å–Ω–æ –±–ª–∏–∑–∫–∞—è –ø—Ä–µ–¥–≤–∞—Ä–∏—Ç–µ–ª—å–Ω–∞—è –æ—Ü–µ–Ω–∫–∞ –±–µ–∑ –∑–∞–≤—ã—à–µ–Ω–∏—è –ø—Ä–µ–¥–ª–æ–∂–µ–Ω–∏—è. –ü—Ä–æ—Å—Ç–æ –æ—Ç–ø—Ä–∞–≤—å—Ç–µ –≤–∞—à–∏ —á–∞—Å—ã –Ω–∞ –ø–æ–ø—É–ª—è—Ä–Ω—ã–µ –º–µ—Å—Å–µ–Ω–¥–∂–µ—Ä—ã +79856681111.	ad
109	"–£–±–æ—Ä–∫–∞ –∫–≤–∞—Ä—Ç–∏—Ä—ã –ø–æ—Å–ª–µ —Ä–µ–º–æ–Ω—Ç–∞ - –∑–∞–∫–∞–∑–∞—Ç—å. –ö–ª–∏–Ω–∏–Ω–≥–æ–≤–∞—è –∫–æ–º–ø–∞–Ω–∏—è ""–ú–æ—Å–∫–ª–∏–Ω–∏–Ω–≥.–ü—Ä–æ"" –ø—Ä–µ–¥–ª–∞–≥–∞–µ—Ç —É–±–æ—Ä–∫—É –ø–æ—Å–ª–µ —Ä–µ–º–æ–Ω—Ç–∞ –æ—Ç –ø—Ä–æ—Ñ–µ—Å—Å–∏–æ–Ω–∞–ª–æ–≤.  –î–µ–ª–∞–µ–º —É–±–æ—Ä–∫—É –Ω–∞ —Å–æ–≤–µ—Å—Ç—å. –í—ã –Ω–µ —É–∑–Ω–∞–µ—Ç–µ —Å–≤–æ—é –∫–≤–∞—Ä—Ç–∏—Ä—É –ø–æ—Å–ª–µ –Ω–∞—à–µ–≥–æ –∫–ª–∏–Ω–∏–Ω–≥–∞.  84951757320  89779483307  –°–∞–π—Ç: moscleaning.pro"	ad
112	–í–æ—Å–ø–æ–ª—å–∑—É–π—Ç–µ—Å—å –Ω–∞—à–∏–º–∏ —É—Å–ª—É–≥–∞–º–∏!. –í—Å–µ –æ–ø–µ—Ä–∞—Ü–∏–∏ —Å –Ω–µ–¥–≤–∏–∂–∏–º–æ—Å—Ç—å—é –ë–µ—Å–ø–ª–∞—Ç–Ω—ã–µ –∫–æ–Ω—Å—É–ª—å—Ç–∞—Ü–∏–∏ –ü–æ–∫—É–ø–∫–∞, –ø—Ä–æ–¥–∞–∂–∞, –∞—Ä–µ–Ω–¥–∞ –∂–∏–ª–æ–π –∏ –∫–æ–º–º–µ—Ä—á–µ—Å–∫–æ–π –Ω–µ–¥–≤–∏–∂–∏–º–æ—Å—Ç–∏ –Æ—Ä–∏–¥–∏—á–µ—Å–∫–æ–µ —Å–æ–ø—Ä–æ–≤–æ–∂–¥–µ–Ω–∏–µ —Å–¥–µ–ª–æ–∫ –ü–æ—á—Ç–æ–≤—ã–π —è—â–∏–∫: ru@realtyltd.ru –¢–µ–ª–µ—Ñ–æ–Ω –¥–ª—è —Å–≤—è–∑–∏: +79266234999	ad
118	–ì–æ—Ä—Å—Ç—Ä–∞—Ö. –ü—Ä–µ–¥–æ—Å—Ç–∞–≤–ª—è–µ–º –≤—Å–µ –≤–∏–¥—ã —Å—Ç—Ä–∞—Ö–æ–≤–∞–Ω–∏—è, –ø—Ä–æ—Å—á—ë—Ç —Å—Ä–∞–∑—É –≤ 20 —Å—Ç—Ä–∞—Ö–æ–≤—ã—Ö –∫–æ–º–ø–∞–Ω–∏—è—Ö, –≤–∞–º –Ω–µ –Ω—É–∂–Ω–æ –±–æ–ª—å—à–µ –µ–∑–¥–∏—Ç—å –∏ –∏—Å–∫–∞—Ç—å –¥–ª—è —Å–µ–±—è –≤—ã–≥–æ–¥–Ω–æ–µ –ø—Ä–µ–¥–ª–æ–∂–µ–Ω–∏–µ, –º—ã –Ω–∞—Ö–æ–¥–∏–º—Å—è –ø–æ –∞–¥—Ä–µ—Å—É —É–ª.–°–æ–≤–µ—Ç—Å–∫–∞—è 104–ë(–¢–¶ –ú–∞–∫—Å–∏–º—É–º) 2 —ç—Ç–∞–∂, –¢.89856954545	ad
119	–£—é—Ç–Ω–∞—è –≥–æ—Å—Ç–∏–Ω–∏—Ü–∞ –≤ –ì–æ–ª–∏—Ü—ã–Ω–æ ‚Äì –æ—Ç 1200 —Ä—É–±/c—É—Ç–∫–∏. –ù–∞—à–∞ –≥–æ—Å—Ç–∏–Ω–∏—Ü–∞ —Ä–∞—Å–ø–æ–ª–∞–≥–∞–µ—Ç—Å—è –≤ 15 –º–∏–Ω—É—Ç–∞—Ö —Ö–æ–¥—å–±—ã –æ—Ç —Å—Ç–∞–Ω—Ü–∏–∏ –ì–æ–ª–∏—Ü—ã–Ω–æ –ø–æ –∞–¥—Ä–µ—Å—É: –≥. –ì–æ–ª–∏—Ü—ã–Ω–æ, –ó–∞–≤–æ–¥—Å–∫–æ–π –ø—Ä–æ—Å–ø–µ–∫—Ç, –¥–æ–º 34.  –ó–∞–±—Ä–æ–Ω–∏—Ä–æ–≤–∞—Ç—å –Ω–æ–º–µ—Ä –º–æ–∂–Ω–æ:  –Ω–∞ —Å–∞–π—Ç–µ ‚û° golicingrad.ru  –ø–æ —Ç–µ–ª–µ—Ñ–æ–Ω—É ‚òé : 89850200829  #–ì–æ–ª–∏—Ü—ã–Ω–æ #–ì–æ–ª–∏—Ü—ã–Ω–ì—Ä–∞–¥	ad
124	–ü–æ–∫–ª–µ–π–∫–∞ –æ–±–æ–µ–≤ –∑–∞ –æ–¥–∏–Ω –¥–µ–Ω—å. –®–ø–∞—Ç–ª—ë–≤–∫–∞ —Å—Ç–µ–Ω –∏ –ø–æ—Ç–æ–ª–∫–æ–≤, –ø–æ–∫—Ä–∞—Å–∫–∞ –ø–æ—Ç–æ–ª–æ–∫–∞, –ø–æ–∫–ª–µ–π–∫–∞ –ø–æ—Ç–æ–ª–æ—á–Ω–æ–≥–æ –ø–ª–∏–Ω—Ç—É—Å–∞. –í—ã—Ä–∞–≤–Ω–∏–≤–∞–Ω–∏–µ —Å—Ç–µ–Ω. –ü–µ—Ä–µ–Ω–æ—Å —Ä–æ–∑–µ—Ç–æ–∫, –ø–æ–∫–ª–µ–π–∫–∞ –æ–±–æ–µ–≤, –Ω–∞–ª–∏–≤–Ω–æ–π –ø–æ–ª, –ª–∞–º–∏–Ω–∞—Ç, –ª–∏–Ω–æ–ª–µ—É–º, –ø–ª–∏—Ç–∫–∞, –ø–ª–∏–Ω—Ç—É—Å–∞, –æ–±—à–∏–≤–∫–∞ –ø–ª–∞—Å—Ç–∏–∫–æ–≤—ã–º–∏ –ø–∞–Ω–µ–ª—è–º–∏ –∏ —Ç–¥. 79879990500	ad
127	–ü—Ä–æ–¥—É–∫—Ü–∏—è GreenWay. –•–æ—á—É –ø—Ä–µ–¥—Å—Ç–∞–≤–∏—Ç—å –≤–∞—à–µ–º—É –≤–Ω–∏–º–∞–Ω–∏—é –ø—Ä–æ–¥—É–∫—Ü–∏—é –æ—Ç –∫–æ–º–ø–∞–Ω–∏–∏ GreenWay  –≠–∫–æ–ª–æ–≥–∏—á–µ—Å–∫–∏ —á–∏—Å—Ç—ã–µ –ø—Ä–æ–¥—É–∫—Ç—ã  –≠—Ç–æ —Ç–æ–ª—å–∫–æ –º–∞–ª–∞—è —á–∞—Å—Ç—å –ø—Ä–æ–¥—É–∫—Ü–∏–∏  –ó–∞ –ø–æ–¥—Ä–æ–±–Ω–æ–π –∏–Ω—Ñ–æ—Ä–º–∞—Ü–∏–µ–π  –ü–∏—à–∏—Ç–µ –Ω–∞ –º–æ–π WhatsApp +79623279002  –ò–ª–∏ –∏–Ω—Å—Ç–æ–≥—Ä–∞–º https://www.instagram.com/g.r.e.e.n.w.a.y_a.s.y.a?r=nametag	ad
131	–ü–æ–∫—É–ø–∞–µ–º –º–∞–∫—É–ª–∞—Ç—É—Ä—É,–ø–æ–ª–∏–º–µ—Ä—ã,–ø–ª–∞—Å—Ç–∏–∫,–∞–ª—é–º–∏–Ω–∏–µ–≤—ã–µ –±–∞–Ω–∫–∏. –ü–æ–∫—É–ø–∞–µ–º –≤—Ç–æ—Ä—Å—ã—Ä—å—ë,–µ—Å—Ç—å —Å–∞–º–æ–≤—ã–≤–æ–∑,–æ–ø–ª–∞—Ç–∞ –≤ —Ç–æ—Ç –∂–µ –¥–µ–Ω—å. –ü–æ–ª–∏–º–µ—Ä—ã(–ü–≠–¢ –±—É—Ç—ã–ª–∫–∞, —è—â–∏–∫ –ü–ü,–±–∏–≥-–±—ç–≥–∏,–ê–ë–° –ø–ª–∞—Å—Ç–∏–∫,—Ç—Ä—É–±–∞ –ü–ù–î, –æ–∫–æ–Ω–Ω—ã–π –ø—Ä–æ—Ñ–∏–ª—å –∏ –¥—Ä). –ú–∞–∫—É–ª–∞—Ç—É—Ä–∞(–∫–Ω–∏–≥–∏, –∂—É—Ä–Ω–∞–ª—ã, –∞—Ä—Ö–∏–≤—ã, –≥–∞–∑–µ—Ç—ã,–∫–∞—Ä—Ç–æ–Ω –∏ –¥—Ä). –ê–ª—é–º–∏–Ω–∏–µ–≤–∞—è –±–∞–Ω–∫–∞. 88462113270. 63-1-1@eco-world.pro	ad
137	"–§–ª–æ–∞—Ç —Å—Ç—É–¥–∏—è. –ò–Ω–Ω–æ–≤–∞—Ü–∏–æ–Ω–Ω—ã–π —Ü–µ–Ω—Ç—Ä —Ä–µ–ª–∞–∫—Å–∞—Ü–∏–∏ ""Float Studio33"" –≤ –≥. –í–ª–∞–¥–∏–º–∏—Ä –ø–æ –∞–¥—Ä–µ—Å—É —É–ª. –°—Ç—É–¥—ë–Ω–∞—è –ì–æ—Ä–∞, 34 –ê –ø—Ä–∏–≥–ª–∞—à–∞–µ—Ç –í–∞—Å –æ–∫—É–Ω—É—Ç—å—Å—è –≤ –º–∏—Ä —Ñ–ª–æ–∞—Ç–∏–Ω–≥–∞ –∏ —Ä–µ–ª–∞–∫—Å–∞. –î–ª—è ""–Ω–æ–≤–∏—á–∫–æ–≤"" –¥–µ–π—Å—Ç–≤—É–µ—Ç –ê–∫—Ü–∏—è –Ω–∞ –ø–µ—Ä–≤—ã–π —Å–µ–∞–Ω—Å, –ø–æ–¥—Ä–æ–±–Ω–µ–µ –º–æ–∂–µ—Ç–µ —É–∑–Ω–∞—Ç—å –Ω–∞ —Å–∞–π—Ç–µ https://float33.ru/#akcyi –∏–ª–∏ –ø–æ —Ç–µ–ª–µ—Ñ–æ–Ω—É 89040380473"	ad
140	–î–æ–º–∞ –±–∞–Ω–∏ –≥–∞—Ä–∞–∂–∏ –±–µ—Å–µ–¥–∫–∏. –ó–¥—Ä–∞–≤—Å—Ç–≤—É–π—Ç–µ!!! –î–æ–º–∞, –ë–∞–Ω–∏, –ë–µ—Å–µ–¥–∫–∏, –ì–∞—Ä–∞–∂–∏ –ø–æ–¥ –∫–ª—é—á –∏–∑ –≤—ã—Å–æ–∫–æ–∫–∞—á–µ—Å—Ç–≤–µ–Ω–Ω–æ–≥–æ –ª–µ—Å–∞!!! –í—ã–ø–æ–ª–Ω—è–µ–º –∑–∞–∫–∞–∑—ã –ª—é–±–æ–π —Å–ª–æ–∂–Ω–æ—Å—Ç–∏ –ª—é–±—ã–µ –ø—Ä–æ–µ–∫—Ç—ã –ø–æ–º–æ–∂–µ–º –≤—ã–±—Ä–∞—Ç—å –Ω–∞–∏–±–æ–ª–µ–µ –ø–æ–¥—Ö–æ–¥—è—â–∏–π –ø—Ä–æ–µ–∫—Ç –≤—ã—Å–æ–∫–æ–∫–≤–∞–ª–∏—Ñ–∏—Ü–∏—Ä–æ–≤–∞–Ω–Ω—ã–µ —Ä–∞–±–æ—á–∏–µ –±—Ä–∏–≥–∞–¥—ã, –¥–≤–∞ —Å–æ–±—Å—Ç–≤–µ–Ω–Ω—ã—Ö –ø—Ä–æ–∏–∑–≤–æ–¥—Å—Ç–≤–∞!!!!! —Ç.89373881201	ad
146	–ï—Å–ª–∏ —Ç–µ—Ö–Ω–∏–∫–∞ –∑–∞–±–∞—Ä–∞—Ö–ª–∏–ª–∞ - —Å—Ä–∞–∑—É –∑–≤–æ–Ω–∏—Ç–µ. –†–µ–º–æ–Ω—Ç —Å—Ç–∏—Ä–∞–ª—å–Ω—ã—Ö –∏ –ø–æ—Å—É–¥–æ–º–æ–µ—á–Ω—ã—Ö –º–∞—à–∏–Ω bosch, siemens, neff, aeg, electrolux, zanussi, ariston, indesit, candy, ardo, lg, samsung –∏ –¥—Ä. –ó–∞–ø—á–∞—Å—Ç–∏ –∫ –ø–µ—Ä–µ—á–∏—Å–ª–µ–Ω–Ω—ã–º –º–∞—Ä–∫–∞–º –≤—Å–µ–≥–¥–∞ –≤ –Ω–∞–ª–∏—á–∏–∏, –ø–æ—ç—Ç–æ–º—É 99 –ø—Ä–æ—Ü–µ–Ω—Ç–æ–≤ —Ä–µ–º–æ–Ω—Ç–æ–≤ —É–¥–∞–µ—Ç—Å—è —Å–¥–µ–ª–∞—Ç—å —Å –æ–¥–Ω–æ–≥–æ –ø—Ä–∏–µ–∑–¥–∞ –æ–ø–µ—Ä–∞—Ç–∏–≤–Ω–æ. –û–ø—ã—Ç –±–æ–ª–µ–µ 10 –ª–µ—Ç. –ì–∞—Ä–∞–Ω—Ç–∏—è –Ω–∞ –≤—Å–µ —Ä–∞–±–æ—Ç—ã. 89778179627	ad
148	–ê–≤—Ç–æ—Å—Ç—Ä–∞—Ö–æ–≤–∞–Ω–∏–µ. üë´–î–æ—Ä–æ–≥–∏–µ —Å–æ—Å–µ–¥–∏üë´  –ò–∑–≤–µ—â–∞—é –í–∞—Å, —á—Ç–æ –∫–æ –º–Ω–µ –º–æ–∂–Ω–æ –æ–±—Ä–∞—â–∞—Ç—å—Å—è –ø–æ –≤–æ–ø—Ä–æ—Å–∞–º —Å—Ç—Ä–∞—Ö–æ–≤–∞–Ω–∏—è –∫–∞–∫ –û–°–ê–ì–û, –ö–ê–°–ö–û,  —Ç–∞–∫ –∏ –í–∞—à–∏—Ö –∫–≤–∞—Ä—Ç–∏—Ä –∏ –¥–∞—á –ø–æ –∏–ø–æ—Ç–µ–∫–µ –∏ –Ω–µ —Ç–æ–ª—å–∫–æ.  –î–ª—è –∏–Ω–¥–∏–≤–∏–¥—É–∞–ª—å–Ω–æ–≥–æ —Ä–∞—Å—á–µ—Ç–∞ –ø–∏—à–∏—Ç–µ –≤ –ª–∏—á–∫—Éüôãüèº‚Äç‚ôÄÔ∏è –¢–∞—Ç—å—è–Ω–∞ –°–∏–Ω–µ–ª—å–Ω–∏–∫–æ–≤–∞, —Å–ø–µ—Ü–∏–∞–ª–∏—Å—Ç –°–ê–û –†–ï–°–û-–ì–∞—Ä–∞–Ω—Ç–∏—è. —Ç. ‚Ä™89185331892, WA, Viber, Telegram	ad
164	–ê–≤—Ç–æ–º–æ–π–∫–∞ –Ω–∞ –ü—É—Ç–µ–π—Å–∫–æ–π 21. –ü—Ä–∏ –∑–∞–∫–∞–∑–µ –∫–æ–º–ø–ª–µ–∫—Å–Ω–æ–π –º–æ–π–∫–∏ –í–∞—à–µ–≥–æ –∞–≤—Ç–æ–º–æ–±–∏–ª—è –≤ –ü–û–î–ê–†–û–ö –ø–æ–ª–∏–º–µ—Ä–Ω–æ–µ –ø–æ–∫—Ä—ã—Ç–∏–µ ( –≤–æ–¥–æ–æ—Ç—Ç–∞–ª–∫–∏–≤–∞—é—â–∏–µ —Å—Ä–µ–¥—Å—Ç–≤–æ). –°–∫–∏–¥–∫–∏ –ø–æ—Å—Ç–æ—è–Ω–Ω—ã–º –∫–ª–∏–µ–Ω—Ç–∞–º!!!! –í—ã—Å–æ–∫–æ–µ –∫–∞—á–µ—Å—Ç–≤–æ,—É–¥–æ–±–Ω—ã–π –∑–∞–µ–∑–¥, –ö–ª–∏–µ–Ω—Ç—Å–∫–∞—è –∑–æ–Ω–∞ —Å –¥–∏–≤–∞–Ω–æ–º,—Ç–µ–ª–µ–≤–∏–∑–æ—Ä–æ–º (X-BOX 360), –∫–æ—Ñ–µ,—á–∞–π. –†–µ–∂–∏–º —Ä–∞–±–æ—Ç—ã —Å 08-00 –¥–æ 23-00 –í–æ–∑–º–æ–∂–Ω–∞ –∑–∞–ø–∏—Å—å –ø–æ —Ç–µ–ª–µ—Ñ–æ–Ω—É 89639700025 –û–ø–ª–∞—Ç–∞ –Ω–∞–ª–∏—á–Ω—ã–º–∏, –∫–∞—Ä—Ç–æ–π	ad
177	–ú–∞—Å—Ç–µ—Ä –Ω–∞ —á–∞—Å. - –°–∞–Ω—Ç–µ—Ö–Ω–∏–∫–∞:  —Ä–µ–º–æ–Ω—Ç –∏ –∑–∞–º–µ–Ω–∞ —Å–º–µ—Å–∏—Ç–µ–ª—è, —Ä–∞–∫–æ–≤–∏–Ω—ã, —É–Ω–∏—Ç–∞–∑–∞, –∑–∞–º–µ–Ω–∞ —Ç—Ä—É–±, ... - –†–µ–º–æ–Ω—Ç –¥–∏–≤–∞–Ω–∞(–±–µ–∑ –ø–µ—Ä–µ—Ç—è–∂–∫–∏) , –∑–∞–º–µ–Ω–∞ –º–µ—Ö–∞–Ω–∏–∑–º–æ–≤, –∫—Ä–µ–ø–ª–µ–Ω–∏–π,.. - –†–µ–º–æ–Ω—Ç –∫–æ—Ä–ø—É—Å–Ω–æ–π –º–µ–±–µ–ª–∏ -–†–µ–º–æ–Ω—Ç –∏ –∑–∞–º–µ–Ω–∞ –∑–∞–º–∫–æ–≤ –¥–≤–µ—Ä–µ–π –ú–æ—é –∞–Ω–∫–µ—Ç—É –º–æ–∂–Ω–æ –ø–æ—Å–º–æ—Ç—Ä–µ—Ç—å –∑–¥–µ—Å—å:  https://nnov.profi.ru/profile/AkshonovMA/?utm_source=backoffice&amp;utm_medium=app&amp;utm_campaign=share           –ó–≤–æ–Ω–∏—Ç–µ. –ß–µ–º —Å–º–æ–≥—É, –ø–æ–º–æ–≥—É.                     89040547855	ad
199	–£–¥–∞–ª—ë–Ω–Ω–∞—è —Ä–∞–±–æ—Ç–∞ . –ë–µ–∑ –æ–ø—ã—Ç–∞. –ë–µ–∑ –≤–ª–æ–∂–µ–Ω–∏–π.. *–¢–†–ï–ë–£–ï–¢–°–Ø SMM-–°–ü–ï–¶–ò–ê–õ–ò–°–¢*  –î–ª—è —É–¥–∞–ª—ë–Ω–Ω–æ–π —Ä–∞–±–æ—Ç—ã. –ú–æ–∂–Ω–æ –±–µ–∑ –æ–ø—ã—Ç–∞ –∏  ‚ÄºÔ∏è–ë–ï–ó –°–ü–ï–¶–ò–ê–õ–¨–ù–´–• –ù–ê–í–´–ö–û–í‚ÄºÔ∏è.   –ù–µ Greenway(–Ω–∏—á–µ–≥–æ –ø–æ–∫—É–ø–∞—Ç—å –Ω–µ –Ω—É–∂–Ω–æ)   *–¢–û–õ–¨–ö–û –ë–ï–°–ü–õ–ê–¢–ù–û –ü–û–õ–£–ß–ê–¢–¨ –ó–ù–ê–ù–ò–Ø* üëçüèª  –Ø –ø—Ä–µ–¥—Å—Ç–∞–≤–ª—è—é –ø–æ–ø—É–ª—è—Ä–Ω–æ–µ smm –∞–≥–µ–Ω—Ç—Å—Ç–≤–æ –≤ –∏–Ω—Å—Ç–∞–≥—Ä–∞–º–º–µ. ‚úÖ—Ç—Ä–µ–±—É—é—Ç—Å—è –¥–µ–≤—É—à–∫–∏ –æ—Ç 20 –ª–µ—Ç.  ‚úÖ–û–±—É—á–µ–Ω–∏–µ –±–µ—Å–ø–ª–∞—Ç–Ω–æ. ‚úÖ–ú–µ—Å—Ç –Ω–∞  –¥–∞–Ω–Ω—ã–π –º–æ–º–µ–Ω—Ç —Å–µ–π—á–∞—Å 4.  ‚úÖ–ó–∞—Ä–ø–ª–∞—Ç–∞ –æ—Ç 25.000—Ä/–º–µ—Å—è—Ü.   _______________ üì© –ü–∏—à–∏  –∑–∞ –ø–æ–¥—Ä–æ–±–Ω–æ—Å—Ç—è–º–∏ –≤ WhatsApp üëâ 89253535315 –° –ø–æ–º–µ—Ç–∫–æ–π ¬´–•–æ—á—É —Ä–∞–±–æ—Ç–∞—Ç—å ¬ª	ad
